{
    "__comment": "Made with TheDestruc7i0n's advancements generator: https://advancements.thedestruc7i0n.ca",
    "display": {
        "title": {
            "text": "Dungeon",
            "bold": true
        },
        "description": {
            "text": "is mean, Underground Dungeons",
            "color": "dark_gray"
        },
        "icon": {
            "item": "minecraft:mossy_cobblestone"
        },
        "frame": "task",
        "show_toast": true,
        "announce_to_chat": false,
        "hidden": true
    },
    "criteria": {
        "dungeon": {
            "trigger": "minecraft:impossible"
        }
    },
    "parent": "dungeons:2stage/root"
}