{"stats":{"minecraft:killed_by":{"minecraft:skeleton":2,"minecraft:creeper":1,"minecraft:spider":1,"minecraft:zombie":2},"minecraft:picked_up":{"minecraft:tnt":1,"minecraft:arrow":13,"minecraft:gold_nugget":6,"minecraft:trident":3,"minecraft:iron_sword":3},"minecraft:used":{"minecraft:trident":59,"minecraft:iron_axe":23,"minecraft:totem_of_undying":7},"minecraft:killed":{"minecraft:spider":5,"minecraft:skeleton":5,"minecraft:zombie":19},"minecraft:dropped":{"minecraft:iron_axe":1,"minecraft:tnt":2},"minecraft:custom":{"minecraft:time_since_rest":30505,"minecraft:crouch_one_cm":269,"minecraft:play_one_minute":79373,"minecraft:damage_absorbed":120,"minecraft:deaths":8,"minecraft:sprint_one_cm":156368,"minecraft:damage_taken":6993,"minecraft:walk_one_cm":74245,"minecraft:sneak_time":1004,"minecraft:mob_kills":29,"minecraft:drop":3,"minecraft:jump":855,"minecraft:damage_dealt":5028,"minecraft:leave_game":5,"minecraft:time_since_death":30503,"minecraft:fall_one_cm":21560,"minecraft:fly_one_cm":284565}},"DataVersion":2230}