{"stats":{"minecraft:dropped":{"minecraft:iron_sword":1335,"minecraft:repeating_command_block":43,"minecraft:crossbow":200,"minecraft:lantern":2,"minecraft:carrot_on_a_stick":1,"minecraft:emerald":277,"minecraft:flint":3,"minecraft:redstone_lamp":2,"minecraft:black_stained_glass_pane":1,"minecraft:gold_nugget":1457,"minecraft:pumpkin_pie":1,"minecraft:sand":2,"minecraft:fishing_rod":1,"minecraft:end_crystal":1,"minecraft:armor_stand":1,"minecraft:compass":3,"minecraft:pillager_spawn_egg":6,"minecraft:lever":3,"minecraft:tipped_arrow":133,"minecraft:trident":115,"minecraft:hopper":1,"minecraft:lingering_potion":50,"minecraft:iron_bars":1,"minecraft:arrow":174,"minecraft:campfire":1,"minecraft:chain_command_block":1,"minecraft:stone_brick_stairs":1,"minecraft:splash_potion":29,"minecraft:oak_slab":1,"minecraft:blue_stained_glass_pane":1,"minecraft:gray_stained_glass_pane":1,"minecraft:tnt":1411,"minecraft:barrier":348,"minecraft:cobblestone":8,"minecraft:command_block":9,"minecraft:grass_block":1,"minecraft:polished_andesite":9,"minecraft:torch":10,"minecraft:white_concrete":12,"minecraft:map":78,"minecraft:potion":389,"minecraft:oak_stairs":1,"minecraft:pumpkin":1,"minecraft:iron_axe":50,"minecraft:string":4,"minecraft:gray_carpet":64,"minecraft:redstone_block":2,"minecraft:stone_brick_slab":2,"minecraft:red_concrete":2,"minecraft:player_head":85,"minecraft:smooth_stone_slab":1,"minecraft:structure_block":1,"minecraft:damaged_anvil":1,"minecraft:totem_of_undying":103,"minecraft:oak_sign":2,"minecraft:shulker_box":1,"minecraft:filled_map":1,"minecraft:shield":41,"minecraft:allium":1,"minecraft:cake":3,"minecraft:redstone_torch":1,"minecraft:stone_bricks":37,"minecraft:bow":231},"minecraft:used":{"minecraft:smooth_quartz_slab":35,"minecraft:carrot_on_a_stick":973,"minecraft:oak_sign":129,"minecraft:chest":2,"minecraft:stone":120,"minecraft:iron_sword":4557,"minecraft:zombie_spawn_egg":88,"minecraft:white_shulker_box":1,"minecraft:quartz_stairs":12,"minecraft:player_head":10,"minecraft:debug_stick":128,"minecraft:chiseled_red_sandstone":1,"minecraft:acacia_button":7,"minecraft:milk_bucket":2,"minecraft:glass":123,"minecraft:packed_ice":14,"minecraft:red_wool":1,"minecraft:quartz_slab":9,"minecraft:lantern":38,"minecraft:grass_block":99,"minecraft:orange_shulker_box":2,"minecraft:quartz_block":81,"minecraft:dark_oak_leaves":15,"minecraft:dark_oak_button":7,"minecraft:stone_brick_stairs":1133,"minecraft:stone_bricks":3034,"minecraft:item_frame":1,"minecraft:birch_button":7,"minecraft:redstone_lamp":21,"minecraft:magma_block":1,"minecraft:bow":4238,"minecraft:jungle_button":1,"minecraft:gold_block":56,"minecraft:end_stone_brick_stairs":42,"minecraft:end_stone_bricks":50,"minecraft:dark_oak_sign":2,"minecraft:oak_planks":22,"minecraft:ender_pearl":31,"minecraft:redstone_block":260,"minecraft:diamond_axe":18,"minecraft:oak_leaves":16,"minecraft:smooth_quartz_stairs":45,"minecraft:white_wool":3,"minecraft:sand":1,"minecraft:yellow_concrete":447,"minecraft:crossbow":2218,"minecraft:shulker_spawn_egg":1,"minecraft:stone_brick_wall":17,"minecraft:gray_concrete":218,"minecraft:lingering_potion":17,"minecraft:creeper_spawn_egg":1,"minecraft:redstone_torch":6,"minecraft:lever":39,"minecraft:black_concrete":30,"minecraft:birch_slab":334,"minecraft:zombie_head":1,"minecraft:heavy_weighted_pressure_plate":14,"minecraft:stone_button":38,"minecraft:barrier":270,"minecraft:lectern":6,"minecraft:polished_andesite_slab":32,"minecraft:light_blue_concrete_powder":28,"minecraft:pufferfish_bucket":1,"minecraft:dark_oak_fence":43,"minecraft:smooth_stone_slab":420,"minecraft:white_concrete":519,"minecraft:experience_bottle":1,"minecraft:cobweb":29,"minecraft:oak_fence":2,"minecraft:trident":3522,"minecraft:iron_bars":21,"minecraft:acacia_log":345,"minecraft:orange_concrete":27,"minecraft:flint_and_steel":6,"minecraft:armor_stand":31,"minecraft:red_concrete":289,"minecraft:structure_block":142,"minecraft:anvil":4,"minecraft:hopper":37,"minecraft:cobblestone_wall":75,"minecraft:shulker_box":195,"minecraft:oak_fence_gate":2,"minecraft:polished_diorite":17,"minecraft:stone_brick_slab":462,"minecraft:red_shulker_box":1,"minecraft:sea_lantern":1,"minecraft:iron_block":8,"minecraft:iron_axe":2526,"minecraft:light_weighted_pressure_plate":3,"minecraft:oak_stairs":107,"minecraft:slime_block":2,"minecraft:spruce_button":1,"minecraft:smooth_quartz":243,"minecraft:totem_of_undying":292,"minecraft:yellow_concrete_powder":4,"minecraft:purple_concrete":29,"minecraft:glowstone":11,"minecraft:lime_concrete":103,"minecraft:emerald_block":22,"minecraft:drowned_spawn_egg":8,"minecraft:turtle_egg":5,"minecraft:pumpkin":46,"minecraft:water_bucket":2,"minecraft:cobblestone_stairs":71,"minecraft:snow_block":12,"minecraft:birch_planks":384,"minecraft:polished_andesite":192,"minecraft:cartography_table":1,"minecraft:beacon":2,"minecraft:cobblestone_slab":6,"minecraft:conduit":2,"minecraft:diamond_block":16,"minecraft:comparator":2,"minecraft:oak_slab":51,"minecraft:tnt":209,"minecraft:phantom_spawn_egg":1,"minecraft:birch_sign":5,"minecraft:campfire":29,"minecraft:oak_log":3,"minecraft:command_block":224,"minecraft:map":4421,"minecraft:stone_slab":1,"minecraft:spruce_trapdoor":2,"minecraft:chiseled_stone_bricks":26,"minecraft:fishing_rod":83,"minecraft:fire_coral_block":1,"minecraft:cobblestone":86,"minecraft:potion":133,"minecraft:red_concrete_powder":4,"minecraft:white_banner":2,"minecraft:chain_command_block":14,"minecraft:repeating_command_block":69,"minecraft:pillager_spawn_egg":4,"minecraft:splash_potion":297,"minecraft:smooth_stone":920,"minecraft:birch_stairs":51},"minecraft:killed_by":{"minecraft:creeper":42,"minecraft:pillager":15,"minecraft:ravager":10,"minecraft:drowned":15,"minecraft:zoglin":1,"minecraft:vindicator":17,"minecraft:cave_spider":1,"minecraft:zombie":147,"minecraft:husk":9,"minecraft:spider":29,"minecraft:iron_golem":2,"minecraft:slime":1,"minecraft:bee":7,"minecraft:skeleton":73,"minecraft:phantom":2,"minecraft:wither":1},"minecraft:killed":{"minecraft:cave_spider":28,"minecraft:zombified_piglin":2,"minecraft:spider":753,"minecraft:shulker":1,"minecraft:wither":1,"minecraft:skeleton":656,"minecraft:bee":449,"minecraft:chicken":2,"minecraft:silverfish":32,"minecraft:wolf":5,"minecraft:magma_cube":16,"minecraft:zombie_villager":1,"minecraft:iron_golem":2,"minecraft:creeper":206,"minecraft:pillager":62,"minecraft:zombie":3849,"minecraft:ghast":2,"minecraft:blaze":3,"minecraft:giant":1,"minecraft:vindicator":44,"minecraft:slime":102,"minecraft:phantom":8,"minecraft:drowned":245,"minecraft:husk":29,"minecraft:ravager":48,"minecraft:wither_skeleton":8,"minecraft:villager":2},"minecraft:mined":{"minecraft:pumpkin":1498,"minecraft:player_head":3,"minecraft:cobweb":39},"minecraft:custom":{"minecraft:open_shulker_box":1309,"minecraft:leave_game":486,"minecraft:time_since_death":24630,"minecraft:damage_resisted":6266,"minecraft:sprint_one_cm":28968876,"minecraft:damage_blocked_by_shield":10307,"minecraft:drop":5052,"minecraft:deaths":777,"minecraft:jump":177607,"minecraft:walk_on_water_one_cm":672,"minecraft:interact_with_cartography_table":5,"minecraft:play_one_minute":18101332,"minecraft:damage_dealt":459453,"minecraft:crouch_one_cm":287068,"minecraft:mob_kills":6858,"minecraft:interact_with_anvil":2,"minecraft:inspect_hopper":44,"minecraft:damage_dealt_resisted":91060,"minecraft:climb_one_cm":2191,"minecraft:walk_one_cm":9261735,"minecraft:damage_dealt_absorbed":4916,"minecraft:sneak_time":202272,"minecraft:walk_under_water_one_cm":78,"minecraft:time_since_rest":24632,"minecraft:damage_taken":427377,"minecraft:damage_absorbed":4740,"minecraft:trigger_trapped_chest":265,"minecraft:minecart_one_cm":8400,"minecraft:swim_one_cm":123,"minecraft:fly_one_cm":95335778,"minecraft:open_chest":1,"minecraft:aviate_one_cm":275970,"minecraft:fall_one_cm":2918581},"minecraft:picked_up":{"minecraft:shulker_shell":1,"minecraft:redstone_block":12,"minecraft:oak_stairs":13,"minecraft:potion":482,"minecraft:wither_rose":1,"minecraft:enchanted_book":21,"minecraft:birch_button":3,"minecraft:nether_brick":5,"minecraft:stone_brick_stairs":12,"minecraft:string":13,"minecraft:smooth_stone_slab":7,"minecraft:armor_stand":2,"minecraft:blue_stained_glass_pane":3,"minecraft:oak_sign":43,"minecraft:gold_nugget":5606,"minecraft:smooth_stone":6,"minecraft:comparator":3,"minecraft:bucket":3,"minecraft:light_weighted_pressure_plate":2,"minecraft:redstone_torch":3,"minecraft:ender_eye":18,"minecraft:smooth_quartz":2,"minecraft:smooth_quartz_stairs":2,"minecraft:tipped_arrow":190,"minecraft:orange_shulker_box":2,"minecraft:acacia_log":9,"minecraft:torch":10,"minecraft:end_crystal":1,"minecraft:yellow_concrete_powder":4,"minecraft:gray_stained_glass_pane":22,"minecraft:zombie_spawn_egg":1,"minecraft:phantom_spawn_egg":1,"minecraft:command_block":49,"minecraft:rotten_flesh":38,"minecraft:glowstone":7,"minecraft:iron_bars":2,"minecraft:cobblestone":18,"minecraft:nautilus_shell":1,"minecraft:barrier":1,"minecraft:feather":2,"minecraft:birch_slab":12,"minecraft:flint":9,"minecraft:map":319,"minecraft:gray_concrete":5,"minecraft:dirt":89,"minecraft:lantern":17,"minecraft:purple_carpet":2,"minecraft:bone":14,"minecraft:bow":259,"minecraft:wheat_seeds":2,"minecraft:dark_oak_sign":1,"minecraft:oak_planks":9,"minecraft:ghast_tear":1,"minecraft:debug_stick":5,"minecraft:black_stained_glass_pane":308,"minecraft:sand":2,"minecraft:grass_block":3,"minecraft:red_terracotta":16,"minecraft:shulker_box":49,"minecraft:polished_andesite":44,"minecraft:black_concrete":604,"minecraft:diamond":3,"minecraft:lever":8,"minecraft:yellow_stained_glass_pane":2,"minecraft:crossbow":274,"minecraft:white_concrete":13,"minecraft:spruce_button":1,"minecraft:emerald":857,"minecraft:bread":16,"minecraft:dark_oak_fence":3,"minecraft:end_stone_bricks":2,"minecraft:lingering_potion":67,"minecraft:fishing_rod":1,"minecraft:end_stone_brick_stairs":2,"minecraft:allium":1,"minecraft:splash_potion":45,"minecraft:chicken":1,"minecraft:structure_block":5,"minecraft:redstone_lamp":2,"minecraft:brown_mushroom":20,"minecraft:gold_block":2,"minecraft:acacia_button":4,"minecraft:brick":7,"minecraft:shield":48,"minecraft:heavy_weighted_pressure_plate":19,"minecraft:iron_axe":132,"minecraft:flint_and_steel":1,"minecraft:compass":50,"minecraft:oak_boat":1,"minecraft:player_head":132,"minecraft:iron_nugget":3,"minecraft:lectern":3,"minecraft:minecart":1,"minecraft:chest":3,"minecraft:phantom_membrane":1,"minecraft:stone":1,"minecraft:cake":31,"minecraft:trident":162,"minecraft:redstone":3,"minecraft:tnt":530,"minecraft:arrow":1707,"minecraft:repeating_command_block":57,"minecraft:pumpkin_pie":24,"minecraft:totem_of_undying":914,"minecraft:white_shulker_box":2,"minecraft:dark_oak_button":51,"minecraft:carrot_on_a_stick":16,"minecraft:red_mushroom":9,"minecraft:filled_map":3,"minecraft:birch_planks":6,"minecraft:jungle_button":1,"minecraft:gunpowder":2,"minecraft:cobblestone_wall":3,"minecraft:cobblestone_stairs":3,"minecraft:white_banner":1,"minecraft:stone_bricks":83,"minecraft:apple":9,"minecraft:gray_carpet":316,"minecraft:creeper_spawn_egg":1,"minecraft:polished_andesite_slab":3,"minecraft:iron_sword":1607,"minecraft:purple_concrete":3,"minecraft:pillager_spawn_egg":16,"minecraft:oak_slab":13,"minecraft:white_stained_glass_pane":12,"minecraft:chain_command_block":8,"minecraft:milk_bucket":2,"minecraft:emerald_block":4,"minecraft:chiseled_stone_bricks":3,"minecraft:yellow_concrete":26,"minecraft:stone_brick_slab":5,"minecraft:birch_stairs":6,"minecraft:light_blue_concrete_powder":4,"minecraft:white_concrete_powder":1,"minecraft:campfire":1,"minecraft:gray_banner":3,"minecraft:diamond_axe":1,"minecraft:birch_sign":3,"minecraft:damaged_anvil":4,"minecraft:red_concrete":20,"minecraft:smooth_quartz_slab":2,"minecraft:hopper":66,"minecraft:ender_pearl":37}},"DataVersion":2534}