{"stats":{"minecraft:used":{"minecraft:water_bucket":85,"minecraft:nether_brick_fence":7,"minecraft:red_sand":746,"minecraft:sandstone_stairs":2400,"minecraft:acacia_log":135,"minecraft:flint_and_steel":56,"minecraft:cut_red_sandstone_slab":39,"minecraft:spruce_slab":321,"minecraft:red_sandstone_slab":223,"minecraft:polished_andesite":134,"minecraft:prismarine":1113,"minecraft:carrot_on_a_stick":717,"minecraft:prismarine_stairs":46,"minecraft:smooth_sandstone_slab":306,"minecraft:sandstone":3867,"minecraft:cut_sandstone":1065,"minecraft:iron_sword":27,"minecraft:redstone_block":140,"minecraft:smooth_sandstone_stairs":758,"minecraft:sandstone_wall":532,"minecraft:structure_block":256,"minecraft:debug_stick":23,"minecraft:chiseled_red_sandstone":48,"minecraft:lime_terracotta":2,"minecraft:sand":184,"minecraft:cut_sandstone_slab":1883,"minecraft:dark_prismarine_slab":3,"minecraft:prismarine_bricks":1,"minecraft:spruce_stairs":8,"minecraft:smooth_red_sandstone":223,"minecraft:campfire":20,"minecraft:spruce_fence":145,"minecraft:spruce_log":20,"minecraft:red_sandstone_wall":31,"minecraft:birch_fence":27,"minecraft:red_sandstone_stairs":342,"minecraft:dark_prismarine":1,"minecraft:red_sandstone":605,"minecraft:firework_rocket":176,"minecraft:chiseled_sandstone":111,"minecraft:command_block":6,"minecraft:lantern":2,"minecraft:barrier":465,"minecraft:smooth_sandstone":1305,"minecraft:red_terracotta":1,"minecraft:cut_red_sandstone":21,"minecraft:prismarine_wall":86,"minecraft:prismarine_slab":99,"minecraft:birch_trapdoor":9,"minecraft:emerald_block":100,"minecraft:dark_oak_pressure_plate":4,"minecraft:sandstone_slab":1901,"minecraft:bucket":2,"minecraft:chain_command_block":4,"minecraft:repeating_command_block":17,"minecraft:white_concrete":2,"minecraft:splash_potion":1},"minecraft:custom":{"minecraft:mob_kills":20,"minecraft:play_one_minute":2229041,"minecraft:leave_game":38,"minecraft:time_since_death":2229041,"minecraft:time_since_rest":2229041,"minecraft:sprint_one_cm":1111126,"minecraft:damage_taken":742,"minecraft:walk_one_cm":671131,"minecraft:drop":160,"minecraft:damage_dealt":786,"minecraft:damage_dealt_absorbed":1655,"minecraft:fly_one_cm":15414862,"minecraft:crouch_one_cm":12947,"minecraft:sneak_time":30000,"minecraft:walk_under_water_one_cm":462,"minecraft:aviate_one_cm":12496690,"minecraft:jump":5701,"minecraft:walk_on_water_one_cm":853,"minecraft:fall_one_cm":4569},"minecraft:killed":{"minecraft:magma_cube":5,"minecraft:spider":1,"minecraft:skeleton":1,"minecraft:zombie":1},"minecraft:picked_up":{"minecraft:sandstone_slab":1,"minecraft:magma_cream":13,"minecraft:red_sandstone_stairs":2,"minecraft:structure_block":3,"minecraft:cut_sandstone":1,"minecraft:carrot_on_a_stick":1,"minecraft:elytra":1,"minecraft:string":2,"minecraft:lantern":2,"minecraft:birch_fence":1,"minecraft:prismarine":1,"minecraft:iron_sword":9,"minecraft:sandstone":2,"minecraft:sandstone_wall":1,"minecraft:sand":8,"minecraft:polished_andesite":3,"minecraft:firework_rocket":1,"minecraft:arrow":2,"minecraft:prismarine_wall":1,"minecraft:rotten_flesh":2,"minecraft:sandstone_stairs":1},"minecraft:dropped":{"minecraft:iron_sword":13,"minecraft:sandstone_stairs":1,"minecraft:sandstone_slab":1,"minecraft:structure_block":6,"minecraft:prismarine":1,"minecraft:elytra":2,"minecraft:carrot_on_a_stick":125,"minecraft:polished_andesite":3,"minecraft:sandstone_wall":1,"minecraft:birch_fence":1,"minecraft:cut_sandstone":1,"minecraft:sandstone":2,"minecraft:prismarine_wall":1,"minecraft:red_sandstone_stairs":2,"minecraft:firework_rocket":1}},"DataVersion":2230}