{"stats":{"minecraft:used":{"minecraft:dark_oak_stairs":86,"minecraft:nether_brick_fence":7,"minecraft:red_sand":24,"minecraft:sandstone_stairs":848,"minecraft:cobblestone_stairs":57,"minecraft:acacia_log":21,"minecraft:cut_red_sandstone_slab":4,"minecraft:polished_andesite":248,"minecraft:red_concrete":3,"minecraft:red_sandstone_slab":22,"minecraft:spruce_slab":321,"minecraft:prismarine":75,"minecraft:carrot_on_a_stick":401,"minecraft:prismarine_stairs":6,"minecraft:sandstone":1528,"minecraft:iron_sword":4,"minecraft:cut_sandstone":587,"minecraft:redstone_block":120,"minecraft:smooth_sandstone_stairs":341,"minecraft:sandstone_wall":115,"minecraft:cobblestone_slab":148,"minecraft:structure_block":565,"minecraft:oak_leaves":147,"minecraft:lime_terracotta":1,"minecraft:sand":37,"minecraft:stripped_dark_oak_log":172,"minecraft:cut_sandstone_slab":439,"minecraft:spruce_stairs":8,"minecraft:smooth_red_sandstone":54,"minecraft:cobblestone_wall":262,"minecraft:spruce_fence":145,"minecraft:spruce_log":20,"minecraft:stripped_spruce_log":20,"minecraft:birch_fence":27,"minecraft:red_sandstone_stairs":19,"minecraft:oak_log":54,"minecraft:stone_brick_slab":253,"minecraft:acacia_stairs":88,"minecraft:red_sandstone":70,"minecraft:firework_rocket":149,"minecraft:chiseled_sandstone":90,"minecraft:command_block":6,"minecraft:lantern":2,"minecraft:grass_block":15,"minecraft:oak_stairs":61,"minecraft:barrier":451,"minecraft:smooth_sandstone":117,"minecraft:dark_oak_leaves":9,"minecraft:prismarine_wall":17,"minecraft:stone_bricks":256,"minecraft:prismarine_slab":40,"minecraft:stone_brick_stairs":270,"minecraft:polished_andesite_slab":249,"minecraft:chiseled_stone_bricks":57,"minecraft:cobblestone":354,"minecraft:dark_oak_pressure_plate":4,"minecraft:sandstone_slab":344,"minecraft:chain_command_block":4,"minecraft:repeating_command_block":17,"minecraft:stripped_oak_log":83,"minecraft:white_concrete":5},"minecraft:custom":{"minecraft:mob_kills":3,"minecraft:play_one_minute":1026945,"minecraft:leave_game":19,"minecraft:time_since_death":1026945,"minecraft:time_since_rest":1026945,"minecraft:sprint_one_cm":270567,"minecraft:damage_taken":132,"minecraft:walk_one_cm":226297,"minecraft:drop":106,"minecraft:damage_dealt":206,"minecraft:damage_dealt_absorbed":986,"minecraft:fly_one_cm":9983839,"minecraft:crouch_one_cm":7210,"minecraft:sneak_time":22494,"minecraft:aviate_one_cm":11293158,"minecraft:jump":1750,"minecraft:fall_one_cm":967},"minecraft:picked_up":{"minecraft:structure_block":4,"minecraft:carrot_on_a_stick":1,"minecraft:string":2,"minecraft:lantern":2,"minecraft:elytra":1,"minecraft:birch_fence":1,"minecraft:iron_sword":2,"minecraft:sandstone":2,"minecraft:firework_rocket":1,"minecraft:polished_andesite":3,"minecraft:arrow":2,"minecraft:sandstone_stairs":1},"minecraft:killed":{"minecraft:spider":1,"minecraft:skeleton":1},"minecraft:dropped":{"minecraft:iron_sword":4,"minecraft:sandstone_stairs":1,"minecraft:structure_block":7,"minecraft:elytra":2,"minecraft:carrot_on_a_stick":86,"minecraft:polished_andesite":3,"minecraft:birch_fence":1,"minecraft:sandstone":2,"minecraft:firework_rocket":1}},"DataVersion":2230}