{
    "display": {
        "title": {
            "text": "Ice Cave",
            "color": "gold"
        },
        "description": {
            "text": "aaa"
        },
        "icon": {
            "item": "minecraft:blue_ice"
        },
        "frame": "task",
        "show_toast": false,
        "announce_to_chat": false,
        "hidden": true,
        "background": "minecraft:textures/block/ice.png"
    },
    "criteria": {
        "dungeon": {
            "trigger": "minecraft:impossible"
        }
    }
}