{
    "__comment": "Made with TheDestruc7i0n's advancements generator: https://advancements.thedestruc7i0n.ca",
    "display": {
        "title": {
            "text": "Cave...?"
        },
        "description": {
            "text": "ice cave, the REAL COOL DUNGEON",
            "color": "dark_gray"
        },
        "icon": {
            "item": "minecraft:blue_ice"
        },
        "frame": "task",
        "show_toast": true,
        "announce_to_chat": false,
        "hidden": true
    },
    "criteria": {
        "dungeon": {
            "trigger": "minecraft:impossible"
        }
    },
    "parent": "dungeons:4stage/root"
}