{"stats":{"minecraft:picked_up":{"minecraft:basalt":1,"minecraft:structure_block":3,"minecraft:salmon":3,"minecraft:carrot_on_a_stick":2,"minecraft:golden_sword":2,"minecraft:elytra":1,"minecraft:string":2,"minecraft:lantern":2,"minecraft:birch_fence":1,"minecraft:gold_nugget":2,"minecraft:iron_sword":5,"minecraft:sandstone":2,"minecraft:sand":247,"minecraft:polished_andesite":3,"minecraft:firework_rocket":1,"minecraft:slime_ball":10,"minecraft:arrow":2,"minecraft:rotten_flesh":19,"minecraft:crossbow":1,"minecraft:sandstone_stairs":1,"minecraft:emerald":1,"minecraft:totem_of_undying":1,"minecraft:netherrack":1808,"minecraft:cod":5,"minecraft:ender_pearl":3},"minecraft:custom":{"minecraft:mob_kills":49,"minecraft:play_one_minute":1672978,"minecraft:open_shulker_box":1,"minecraft:leave_game":28,"minecraft:time_since_death":696249,"minecraft:damage_resisted":4320,"minecraft:time_since_rest":696272,"minecraft:sprint_one_cm":868514,"minecraft:damage_taken":1562,"minecraft:walk_one_cm":508563,"minecraft:drop":137,"minecraft:damage_dealt":10831,"minecraft:damage_dealt_absorbed":1307,"minecraft:fly_one_cm":12851420,"minecraft:crouch_one_cm":16513,"minecraft:deaths":1,"minecraft:sneak_time":33547,"minecraft:aviate_one_cm":4075604,"minecraft:jump":7900,"minecraft:fall_one_cm":15857},"minecraft:used":{"minecraft:quartz_bricks":81,"minecraft:purpur_block":74,"minecraft:iron_bars":2,"minecraft:end_stone_bricks":275,"minecraft:nether_brick_fence":7,"minecraft:polished_blackstone_brick_slab":204,"minecraft:end_rod":14,"minecraft:crimson_fence":86,"minecraft:acacia_log":21,"minecraft:red_sand":24,"minecraft:sandstone_stairs":961,"minecraft:lodestone":3,"minecraft:cut_red_sandstone_slab":4,"minecraft:smooth_sandstone_stairs":341,"minecraft:polished_andesite":401,"minecraft:polished_blackstone":1,"minecraft:red_sandstone_slab":22,"minecraft:spruce_slab":321,"minecraft:carrot_on_a_stick":556,"minecraft:prismarine":75,"minecraft:red_nether_bricks":14,"minecraft:prismarine_stairs":6,"minecraft:purple_glazed_terracotta":1,"minecraft:polished_basalt":16,"minecraft:stripped_warped_stem":50,"minecraft:blackstone":14,"minecraft:cut_sandstone":793,"minecraft:black_glazed_terracotta":5,"minecraft:sandstone":1869,"minecraft:redstone_block":384,"minecraft:iron_sword":145,"minecraft:stone":3,"minecraft:purple_shulker_box":2,"minecraft:end_stone_brick_slab":132,"minecraft:red_nether_brick_stairs":1,"minecraft:structure_block":567,"minecraft:red_glazed_terracotta":13,"minecraft:chiseled_nether_bricks":1,"minecraft:polished_blackstone_wall":9,"minecraft:sandstone_wall":115,"minecraft:purpur_pillar":31,"minecraft:respawn_anchor":14,"minecraft:salmon":2,"minecraft:stripped_crimson_stem":77,"minecraft:netherrack":386,"minecraft:polished_blackstone_bricks":97,"minecraft:gilded_blackstone":18,"minecraft:torch":23,"minecraft:purpur_stairs":87,"minecraft:end_stone_brick_wall":6,"minecraft:lime_terracotta":1,"minecraft:diamond_block":21,"minecraft:sand":63,"minecraft:warped_wart_block":1,"minecraft:tnt":29,"minecraft:cut_sandstone_slab":503,"minecraft:cyan_glazed_terracotta":6,"minecraft:crimson_hyphae":548,"minecraft:spruce_stairs":8,"minecraft:blackstone_wall":48,"minecraft:smooth_red_sandstone":54,"minecraft:yellow_concrete":14,"minecraft:chiseled_quartz_block":15,"minecraft:campfire":2,"minecraft:crossbow":5,"minecraft:polar_bear_spawn_egg":1,"minecraft:cod":2,"minecraft:stone_brick_wall":135,"minecraft:spruce_fence":145,"minecraft:end_stone":25,"minecraft:spruce_log":20,"minecraft:obsidian":1197,"minecraft:birch_fence":52,"minecraft:shroomlight":28,"minecraft:red_sandstone_stairs":19,"minecraft:polished_blackstone_slab":8,"minecraft:stone_brick_slab":119,"minecraft:netherite_block":46,"minecraft:red_sandstone":70,"minecraft:black_concrete":65,"minecraft:firework_rocket":10,"minecraft:chiseled_sandstone":98,"minecraft:crying_obsidian":204,"minecraft:command_block":9,"minecraft:warped_hyphae":15,"minecraft:cracked_polished_blackstone_bricks":1,"minecraft:lantern":2,"minecraft:smooth_sandstone":377,"minecraft:barrier":98,"minecraft:warped_fence":50,"minecraft:polished_blackstone_brick_wall":49,"minecraft:warped_nylium":1,"minecraft:purpur_slab":132,"minecraft:polished_blackstone_brick_stairs":60,"minecraft:prismarine_wall":39,"minecraft:prismarine_slab":40,"minecraft:crimson_planks":193,"minecraft:stone_brick_stairs":309,"minecraft:crimson_nylium":55,"minecraft:stone_bricks":154,"minecraft:magma_block":140,"minecraft:warped_stairs":138,"minecraft:bedrock":1,"minecraft:nether_wart_block":38,"minecraft:basalt":170,"minecraft:bow":5,"minecraft:stripped_crimson_hyphae":4,"minecraft:dark_oak_pressure_plate":5,"minecraft:crimson_stairs":181,"minecraft:bubble_coral_block":1,"minecraft:sandstone_slab":344,"minecraft:chain":24,"minecraft:gold_block":22,"minecraft:end_stone_brick_stairs":15,"minecraft:white_concrete":3,"minecraft:chorus_plant":2,"minecraft:polished_blackstone_stairs":16},"minecraft:dropped":{"minecraft:iron_sword":7,"minecraft:sandstone_stairs":1,"minecraft:structure_block":5,"minecraft:elytra":1,"minecraft:carrot_on_a_stick":110,"minecraft:polished_andesite":3,"minecraft:birch_fence":1,"minecraft:sandstone":2,"minecraft:basalt":1,"minecraft:sand":64,"minecraft:netherrack":193,"minecraft:redstone_block":1,"minecraft:firework_rocket":1},"minecraft:killed":{"minecraft:evoker":1,"minecraft:piglin":3,"minecraft:zombified_piglin":2,"minecraft:zombie_villager":1,"minecraft:giant":1,"minecraft:vindicator":4,"minecraft:spider":1,"minecraft:slime":5,"minecraft:zoglin":3,"minecraft:polar_bear":7,"minecraft:skeleton":1,"minecraft:pillager":2,"minecraft:zombie":5,"minecraft:illusioner":1,"minecraft:villager":2,"minecraft:enderman":1}},"DataVersion":2537}